AverageAmountTransaction,TransactionAmount,IsDeclined,TotalNumberOfDeclines,isForeignTransaction,isFradulent
100,3000,0,5,1,1
100,4300,0,5,1,1
185.5,4823,1,5,0,1
185.5,5008.5,1,8,0,1
500,26000,0,0,1,1
500,27000,0,0,1,1
262.5,11287.5,0,0,0,1
185.5,11130,1,20,0,1
185.5,6121.5,1,20,0,1
185.5,7049,1,20,0,1
166.788473,4836.865717,0,0,0,1
444.9970144,21804.85371,0,0,1,1
152.451565,4116.192255,0,0,1,1
36.91948763,2141.330283,0,5,1,1
806.1795426,23379.20674,0,0,0,1
257.0911668,10283.64667,0,4,1,1
601.4529708,24659.5718,0,7,0,1
222.5298151,12461.66965,0,9,1,1
231.0673178,12708.70248,0,0,0,1
675.5694754,39858.59905,0,9,1,1
242.1517429,10654.67669,0,0,1,1
804.7617661,42652.3736,0,0,0,1
432.0302518,22033.54284,0,8,1,1
356.8122632,16056.55184,0,9,1,1
456.2831178,15057.34289,0,0,1,1
780.688498,36692.35941,0,0,1,1
947.4890276,44531.9843,0,7,1,1
172.5157672,5002.957249,0,9,1,1
111.3750711,5680.128626,0,2,1,1
679.9403346,38076.65874,0,0,1,1
476.8645865,26704.41684,0,3,1,1
563.054548,23085.23647,0,2,1,1
205.8614188,11528.23945,0,0,1,1
998.3440744,26955.29001,0,0,1,1
724.0674699,43444.04819,0,0,0,1
85.54822336,3165.284264,0,0,0,1
253.6174611,9891.080983,0,2,1,1
18.66793542,784.0532876,0,0,1,1
345.2290256,13118.70297,0,0,1,1
66.77655374,2804.615257,0,5,0,1
434.5973006,13472.51632,0,7,1,1
53.18771869,2553.010497,0,6,1,1
680.8050065,33359.44532,0,8,1,1
480.7217025,17305.98129,0,7,1,1
644.2848716,19972.83102,0,0,0,1
723.1415323,22417.3875,0,5,1,1
879.4463782,40454.5334,0,8,1,1
519.6687893,22345.75794,0,4,1,1
360.1675018,20169.3801,0,0,0,1
199.1953372,11752.52489,0,7,1,1
741.7709921,37830.3206,0,0,0,1
293.785663,14395.49749,0,0,1,1
464.2802182,21356.89004,0,5,1,1
48.43831932,2664.107563,0,8,1,1
885.2821332,53116.92799,0,9,1,1
532.2414183,15435.00113,0,6,1,1
578.1520606,32376.51539,0,7,0,1
780.3223403,39016.11702,0,5,1,1
282.8443803,15556.44092,0,7,0,1
464.1466817,15780.98718,0,0,1,1
411.7532238,22234.67409,0,0,0,1
866.4786465,46789.84691,0,7,0,1
616.445728,15411.1432,0,4,1,1
837.189105,43533.83346,0,0,1,1
276.825748,8581.598188,0,0,1,1
10.66365782,458.5372863,0,8,1,1
327.2204773,16688.24434,0,9,0,1
810.4856122,20262.14031,0,5,1,1
474.0885428,16593.099,0,2,1,1
444.9309256,21801.61535,0,0,1,1
933.1631705,28928.05829,0,5,1,1
808.2022141,46067.5262,0,0,1,1
968.6067798,52304.76611,0,4,1,1
208.0480827,7489.730977,0,9,1,1
499.6241664,18985.71832,0,0,1,1
570.627572,26819.49588,0,9,0,1
681.5690311,31352.17543,0,0,1,1
248.4369944,7204.672838,0,5,1,1
539.2368026,25883.36652,0,0,1,1
580.9745696,28467.75391,0,5,1,1
336.182123,17817.65252,0,0,1,1
656.2025117,37403.54317,0,5,1,1
393.7053746,11811.16124,0,3,1,1
603.3792276,30772.34061,0,0,1,1
308.0830989,17868.81974,0,7,0,1
886.8957371,44344.78686,0,9,1,1
335.8370761,13097.64597,0,0,1,1
610.5646704,29307.10418,0,9,1,1
52.50319147,1365.082978,0,8,1,1
572.3188104,25754.34647,0,0,1,1
769.7753903,44646.97264,0,8,0,1
570.5826102,18829.22614,0,8,0,1
80.53627851,2335.552077,0,0,1,1
483.9256352,26131.9843,0,7,1,1
268.5412251,8593.319203,0,6,0,1
787.7379607,32297.25639,0,3,1,1
263.4127903,9746.273241,0,0,1,1
921.0639299,46974.26042,0,8,1,1
733.4911774,35941.06769,0,0,1,1
510.4185708,22968.83569,0,0,1,1
9.134958761,429.3430618,0,8,0,1
29.16618193,904.1516398,0,7,1,1
971.9442274,24298.60569,0,3,1,1
616.3847055,19724.31058,0,7,1,1
418.34977,21754.18804,0,0,1,1
912.5499676,37414.54867,0,2,1,1
110.5364153,3868.774536,0,0,1,1
70.55375568,2187.166426,0,7,0,1
730.7886618,41654.95372,0,8,0,1
581.9333833,33170.20285,0,0,1,1
502.4951099,24119.76528,0,0,1,1
317.7292099,14297.81445,0,7,0,1
428.1894204,25263.1758,0,7,0,1
86.35227213,2935.977252,0,0,0,1
58.50421659,1521.109631,0,5,1,1
67.75952614,3455.735833,0,7,1,1
429.8207641,18912.11362,0,0,1,1
979.4752417,46035.33636,0,0,0,1
924.9840806,39774.31547,0,7,0,1
705.352783,27508.75854,0,9,1,1
664.4396973,31228.66577,0,0,1,1
444.8008156,16457.63018,0,0,1,1
224.4733968,6060.781714,0,0,1,1
658.1175211,39487.05127,0,8,1,1
926.0312574,41671.40658,0,5,1,1
398.5830073,11160.3242,0,7,0,1
270.2719797,16216.31878,0,0,0,1
281.6009344,14924.84952,0,0,1,1
25.94673767,778.4021301,0,3,1,1
892.0737616,50848.20441,0,0,1,1
337.1910142,11127.30347,0,0,1,1
359.9114021,15476.19029,0,6,1,1
550.9807563,32507.86462,0,0,0,1
429.5809401,14605.75196,0,9,1,1
619.23554,29723.30592,0,9,1,1
66.89089521,3143.872075,0,4,1,1
720.1632813,25925.87813,0,0,1,1
787.7381474,44113.33625,0,2,1,1
815.8508538,35081.58671,0,8,1,1
814.4750536,47239.55311,0,9,0,1
707.2405588,33240.30626,0,9,1,1
383.3426919,14950.36498,0,2,1,1
487.6495231,14141.83617,0,8,0,1
148.6099184,3715.24796,0,0,0,1
307.4155075,14448.52885,0,0,1,1
987.0255318,50338.30212,0,2,1,1
744.816824,29047.85614,0,7,0,1
679.3220446,40080.00063,0,3,1,1
31.25395942,1187.650458,0,8,0,1
978.691432,25445.97723,0,9,0,1
256.1895782,9479.014393,0,8,1,1
36.55582934,1571.900662,0,0,1,1
865.809278,36363.98968,0,0,1,1
28.36943391,1163.14679,0,9,1,1
766.5603656,42160.82011,0,0,0,1
860.6974012,51641.84407,0,0,1,1
436.3097896,20506.56011,0,8,0,1
128.0026311,7424.152604,0,7,0,1
315.7326582,14523.70228,0,0,1,1
110.1401282,6498.267564,0,7,0,1
259.3569041,9855.562356,0,9,1,1
253.8673429,13201.10183,0,7,1,1
334.1530379,18378.41708,0,0,0,1
507.067806,22310.98346,0,9,0,1
396.6188071,11105.3266,0,8,1,1
274.9736712,14298.6309,0,4,1,1
630.3932778,34041.237,0,0,1,1
491.2565161,28492.87793,0,8,1,1
971.6299871,56354.53925,0,5,1,1
366.1841195,17943.02186,0,7,1,1
54.41576965,2285.462325,0,0,1,1
719.8422034,37431.79458,0,2,1,1
832.603207,33304.12828,0,0,1,1
753.8463192,37692.31596,0,6,1,1
658.3438678,35550.56886,0,8,1,1
880.0117675,29920.4001,0,6,1,1
735.2684285,18381.71071,0,0,1,1
711.0605246,17776.51312,0,8,1,1
592.3582367,14808.95592,0,4,1,1
7.409143184,274.1382978,0,3,1,1
147.1329946,7503.782725,0,6,0,1
121.9231188,4755.001633,0,4,1,1
943.4032124,45283.3542,0,3,1,1
644.0231767,37997.36743,0,7,1,1
531.3669609,21786.0454,0,9,0,1
981.1519167,48076.44392,0,0,0,1
204.3112252,5516.40308,0,6,0,1
510.1006804,16833.32245,0,9,0,1
640.0741242,37124.2992,0,9,1,1
404.716752,23473.57162,0,0,1,1
883.3452074,34450.46309,0,0,1,1
545.4334446,29453.40601,0,2,1,1
165.7654947,8454.04023,0,0,1,1
591.3877421,31343.55033,0,2,1,1
640.1624804,26246.6617,0,9,1,1
740.2046238,23686.54796,0,6,1,1
141.7425944,5669.703776,0,7,1,1
271.0728565,15180.07996,0,0,1,1
858.5601081,30908.16389,0,2,1,1
801.2300183,29645.51068,0,6,1,1
69.64048686,3551.66483,0,0,1,1
615.5602077,36318.05225,0,0,1,1
594.8029527,30334.95059,0,4,1,1
600.0949052,31805.02998,0,0,1,1
620.1060587,25424.34841,0,1,0,1
131.8452729,3823.512914,0,0,1,1
551.0820991,24798.69446,0,9,0,1
865.32028,38074.09232,0,0,0,1
589.1127234,34757.65068,0,7,1,1
287.0167931,12341.7221,0,0,1,1
919.8808727,39554.87753,0,0,1,1
850.4822313,46776.52272,0,8,1,1
240.9497143,8192.290286,0,4,1,1
388.4652081,15538.60832,0,8,0,1
540.6711096,14057.44885,0,8,1,1
413.7465063,24824.79038,0,7,0,1
509.1908935,28005.49914,0,5,1,1
308.7609554,16673.09159,0,0,0,1
353.7778362,19104.00315,0,5,1,1
284.1427114,15343.70642,0,8,1,1
521.4180425,28677.99234,0,5,1,1
263.2839832,13954.05111,0,0,1,1
688.9080072,33756.49235,0,5,1,1
746.2325632,26864.37228,0,0,0,1
162.269086,8113.4543,0,9,0,1
657.5491567,30247.26121,0,0,0,1
980.8272044,50022.18742,0,2,1,1
450.4208559,17566.41338,0,0,1,1
639.6560067,24306.92825,0,0,0,1
875.3109328,35887.74824,0,0,1,1
877.3857224,42991.9004,0,3,1,1
749.7096084,23240.99786,0,8,0,1
967.0755763,34814.72075,0,0,1,1
959.1378013,52752.57907,0,0,0,1
699.5129575,25182.46647,0,0,0,1
108.2845499,5197.658395,0,5,1,1
348.1773237,14623.4476,0,3,1,1
732.0449117,18301.12279,0,1,1,1
858.5168817,22321.43892,0,0,1,1
7.954238966,294.3068417,0,4,1,1
189.3138594,10601.57613,0,0,1,1
49.67058576,1738.470502,0,0,1,1
459.2866416,16075.03246,0,8,1,1
846.6760804,30480.33889,0,7,0,1
674.7817162,35088.64924,0,5,1,1
865.7940313,45887.08366,0,0,0,1
806.125364,20959.25946,0,9,1,1
142.5739552,5845.532163,0,8,0,1
726.0532789,27590.0246,0,0,0,1
43.64750081,1440.367527,0,0,0,1
186.3281183,10993.35898,0,0,0,1
935.0104992,46750.52496,0,0,1,1
124.1292468,4344.523638,0,0,1,1
569.4513831,26764.21501,0,9,1,1
204.4915452,5112.28863,0,5,1,1
498.4128013,29406.35528,0,0,1,1
534.7917778,13904.58622,0,5,1,1
255.8440962,6396.102405,0,9,1,1
690.3779723,41422.67834,0,3,1,1
980.8982809,46102.2192,0,8,0,1
773.6826383,22436.79651,0,0,0,1
569.9575183,19378.55562,0,5,1,1
969.4199486,37807.378,0,6,1,1
500.7184551,20529.45666,0,8,1,1
913.0344755,28304.06874,0,6,1,1
192.4426122,7312.819264,0,0,1,1
397.8326505,9945.816263,0,7,0,1
826.6331531,42984.92396,0,5,1,1
364.0641254,17111.01389,0,0,1,1
145.7400314,5538.121193,0,0,0,1
212.6425076,8293.057796,0,0,0,1
807.7347087,40386.73544,0,0,1,1
978.7182792,37191.29461,0,2,1,1
418.9848756,10893.60677,0,9,0,1
684.2787417,22581.19848,0,8,1,1
312.3866556,15306.94612,0,0,0,1
858.5143144,36057.6012,0,3,1,1
484.1391246,17913.14761,0,1,1,1
452.309247,18996.98837,0,4,1,1
814.3885462,35018.70749,0,8,1,1
818.1752923,27817.95994,0,0,1,1
132.3457772,4102.719093,0,0,1,1
697.0536989,30670.36275,0,5,1,1
539.9713415,29158.45244,0,6,0,1
820.8520643,41042.60322,0,7,1,1
137.1661614,5898.14494,0,3,1,1
129.2911425,4525.189988,0,5,1,1
683.2697187,34163.48594,0,0,1,1
432.7778058,21638.89029,0,0,1,1
460.678046,27640.68276,0,3,1,1
317.468299,15555.94665,0,2,1,1
273.0599823,15291.35901,0,6,1,1
856.7066756,24844.49359,0,8,1,1
694.7347017,36126.20449,0,0,1,1
506.9870067,20786.46727,0,6,1,1
204.9659578,11273.12768,0,3,1,1
500.0066511,22000.29265,0,7,1,1
756.0365827,42338.04863,0,6,1,1
931.9793134,40075.11048,0,9,0,1
681.0673665,21794.15573,0,0,1,1
492.558973,20687.47687,0,9,0,1
434.4737987,14772.10916,0,0,1,1
363.183629,13074.61064,0,0,1,1
147.5242383,8261.357345,0,2,1,1
847.9098005,42395.49003,0,6,1,1
402.5043924,20930.2284,0,2,1,1
471.3818806,23569.09403,0,4,1,1
798.1141754,26337.76779,0,9,1,1
992.6494887,25808.88671,0,0,1,1
122.1290163,7327.740978,0,6,1,1
404.1382887,23440.02074,0,7,1,1
337.8148501,8783.186103,0,7,1,1
720.7841274,38922.34288,0,0,1,1
640.7230528,21143.86074,0,5,1,1
592.8263199,17784.7896,0,5,1,1
279.1086726,15909.19434,0,0,1,1
265.8169401,9835.226784,0,0,1,1
986.2171125,56214.37541,0,4,1,1
705.1993256,19040.38179,0,5,1,1
416.9327519,18761.97384,0,9,1,1
899.179126,40463.06067,0,7,0,1
427.1692882,16232.43295,0,0,1,1
925.0870281,24977.34976,0,8,1,1
733.9913263,38167.54897,0,4,1,1
243.7620445,11456.81609,0,8,1,1
877.8014753,36867.66196,0,9,1,1
922.3986849,37818.34608,0,3,1,1
947.7074177,45489.95605,0,3,0,1
515.2839682,13397.38317,0,9,0,1
979.5699377,41141.93738,0,0,1,1
790.1523003,41878.07192,0,9,0,1
865.2955833,23362.98075,0,4,0,1
562.7565227,15757.18264,0,6,1,1
101.461186,5174.520486,0,8,1,1
58.85243721,3413.441358,0,8,1,1
81.64788579,4572.281604,0,0,1,1
15.74247373,535.2441068,0,8,1,1
666.0617481,21313.97594,0,8,0,1
871.8621512,28771.45099,0,9,0,1
425.4511691,25527.07015,0,9,1,1
489.4387231,26919.12977,0,9,1,1
918.9229043,40432.60779,0,7,1,1
862.8380502,41416.22641,0,5,1,1
831.8627613,49079.90292,0,0,1,1
81.92117847,3850.295388,0,9,0,1
347.7253025,19820.34224,0,0,1,1
249.8231543,6245.578858,0,0,1,1
768.5943157,46115.65894,0,9,0,1
519.3985865,16101.35618,0,5,1,1
456.3813634,11865.91545,0,4,1,1
894.7819545,37580.84209,0,9,1,1
793.550405,27774.26418,0,2,1,1
916.0180605,27480.54182,0,3,1,1
114.2010307,6623.659781,0,8,1,1
241.8275704,13542.34394,0,3,1,1
115.0563898,4487.199202,0,0,1,1
331.8126225,17586.06899,0,0,0,1
908.1458054,23611.79094,0,3,1,1
173.3603869,4334.009673,0,0,1,1
654.8001656,25537.20646,0,0,1,1
263.3156802,6582.892005,0,9,1,1
715.1170832,24313.98083,0,2,1,1
735.9010899,25756.53815,0,0,1,1
942.3427767,44290.1105,0,2,0,1
47.18366965,1651.428438,0,0,1,1
411.2015311,14392.05359,0,5,1,1
544.050812,14689.37192,0,0,1,1
324.6814562,10065.12514,0,9,1,1
69.80049552,1814.812884,0,0,1,1
94.27628892,5373.748468,0,0,0,1
687.7898409,17882.53586,0,3,1,1
989.7481646,30682.1931,0,0,1,1
380.3262615,17495.00803,0,0,1,1
805.5476019,31416.35647,0,0,1,1
684.2297364,30106.1084,0,4,1,11
483.5514489,13539.44057,0,9,0,1
534.4449872,14430.01465,0,0,0,1
705.8118035,41642.89641,0,0,0,1
81.53100514,4728.798298,0,0,1,1
421.2386089,19798.21462,0,8,0,1
107.0893057,3212.679171,0,8,0,1
302.5597406,17548.46495,0,0,0,1
503.9905822,28223.4726,0,1,1,1
238.2450816,10482.78359,0,6,1,1
9.919197533,257.8991359,0,6,1,1
43.21184997,2333.439898,0,7,1,1
895.6099868,50154.15926,0,0,0,1
796.4496467,19911.24117,0,8,1,1
814.1466471,24424.39941,0,9,1,1
973.996789,56491.81376,0,6,1,1
259.3645136,13227.59019,0,0,1,1
756.7421967,37080.36764,0,4,0,1
979.5642622,49957.77737,0,6,1,1
378.3035981,12862.32234,0,0,0,1
263.4791392,8694.811594,0,2,1,1
769.0106009,40757.56185,0,6,1,1
880.9781253,24667.38751,0,4,1,1
1000,56000,1,1,1,1
2000,54000,1,2,1,1
2000,106000,0,3,1,1
1000,28000,0,4,1,1
500,20000,0,5,1,1
300,15000,0,6,1,1
1000,27000,1,0,1,1
1000,34000,1,1,1,1
2000,80000,1,2,1,1
2000,108000,1,3,1,1
1000,29000,1,4,1,1
500,23000,1,5,1,1
300,15300,1,6,1,1
1200,61200,1,0,1,1
600,16200,1,1,1,1
300,7800,1,2,1,1
500,16500,1,0,0,1
500,19500,1,1,0,1
500,14000,1,2,0,1
500,17500,1,1,0,1
500,23000,0,2,0,1
800,24800,1,1,0,1
400,10400,1,2,0,1
200,10400,0,3,0,1
800,35200,1,1,0,1
400,14000,1,2,0,1
200,7800,0,3,0,1
800,31200,1,0,1,1
700,25900,1,1,1,1
800,40800,1,0,1,1
800,40000,1,1,1,1
400,12800,1,2,1,1
200,11600,0,3,1,1
1200,54000,1,0,1,1
600,17400,1,1,1,1
300,15000,1,2,1,1
500,26500,1,4,0,1
500,22000,1,5,0,1
500,14000,1,6,0,1
1000,29000,1,1,1,1
1000,43000,1,2,1,1
500,25500,1,3,0,1
500,18000,1,4,0,1
500,16500,1,5,0,1
1000,35000,1,1,1,1
1000,49000,1,2,1,1
500,20500,1,0,0,1
500,13500,1,1,0,1
500,22500,1,2,0,1
100,3100,1,2,0,1
100,5300,1,2,0,1
185.5,5008.5,1,0,0,0
185.5,742,1,1,0,0
185.5,2411.5,1,2,0,0
262.5,3412.5,0,0,0,0
375,10875,0,0,0,0
375,4125,0,0,0,0
375,4125,0,0,0,0
795.3258416,17497.16852,0,0,0,0
574.8953529,7473.639588,0,0,0,0
697.1947817,697.1947817,0,0,1,0
660.9056456,13879.01856,0,6,0,0
139.5079394,1255.571455,0,0,0,0
908.66928,1817.33856,0,0,0,0
182.8927022,3292.06864,0,0,1,0
748.9456577,18723.64144,0,0,0,0
925.6920964,24067.99451,0,0,0,0
784.7583042,2354.274913,0,0,0,0
571.218401,11424.36802,0,0,1,0
537.2396194,537.2396194,0,1,0,0
801.4859808,801.4859808,0,0,0,0
793.2098759,6345.679007,0,0,0,0
388.4139607,5437.79545,0,0,0,0
702.0144268,6318.129841,0,0,0,0
477.5880271,6686.232379,0,4,1,0
977.8147143,15645.03543,0,0,0,0
604.4644263,14507.14623,0,0,1,0
738.8735633,15516.34483,0,0,1,0
176.9943282,4424.858205,0,0,1,0
772.5997851,16997.19527,0,0,0,0
817.7037576,16354.07515,0,0,0,0
900.8032314,26123.29371,0,0,0,0
695.8323671,15308.31208,0,0,0,0
515.8856183,10833.59798,0,1,0,0
797.6814921,19144.35581,0,0,0,0
73.02885368,1752.692488,0,6,0,0
554.570771,554.570771,0,0,0,0
283.7194669,4823.230937,0,0,0,0
492.0418223,7380.627335,0,0,0,0
518.8298938,518.8298938,0,0,1,0
980.6475055,0,0,0,0,0
681.4592031,681.4592031,0,0,0,0
258.4302829,7236.047921,0,5,0,0
788.6774125,18928.2579,0,0,0,0
305.901316,7035.730268,0,0,0,0
667.4968404,11347.44629,0,0,1,0
953.2963089,6673.074162,0,0,0,0
819.2511303,1638.502261,0,0,0,0
991.0820918,0,0,0,0,0
564.6975784,1694.092735,0,0,0,0
869.7825668,5218.695401,0,0,0,0
226.3208575,4526.41715,0,0,0,0
757.6708984,10607.39258,0,1,0,0
810.3804191,18638.74964,0,0,0,0
948.2604521,27499.55311,0,0,1,0
33.32058923,966.2970877,0,0,0,0
765.1056955,6120.845564,0,0,0,0
139.5080885,418.5242655,0,3,0,0
753.3895864,11300.8438,0,0,0,0
904.0919615,18081.83923,0,0,0,0
480.3256876,1440.977063,0,0,0,0
575.8866276,9214.186042,0,3,0,0
536.6174844,2683.087422,0,0,1,0
635.925998,6995.185978,0,0,0,0
945.80618,27428.37922,0,0,0,0
893.6900118,2681.070035,0,2,0,0
772.8766219,10047.39608,0,0,0,0
463.3194612,11119.66707,0,0,0,0
334.0842075,0,0,2,0,0
372.5387616,5215.542662,0,0,0,0
587.8233202,11756.4664,0,3,1,0
976.8788131,12699.42457,0,6,0,0
761.9929718,16763.84538,0,0,0,0
417.6075211,10022.58051,0,0,1,0
908.6468831,7269.175065,0,0,0,0
152.2503117,913.5018702,0,0,0,0
577.8632006,4622.905605,0,1,1,0
325.8021309,6841.844749,0,0,0,0
880.9632491,21143.11798,0,4,0,0
222.8070521,0,0,0,0,0
879.8399926,0,0,0,1,0
744.439535,20844.30698,0,0,0,0
174.5748193,0,0,0,0,0
561.8878553,15732.85995,0,0,0,0
255.2412689,2041.930151,0,0,0,0
480.7311598,6730.236237,0,0,0,0
933.6599343,3734.639737,0,0,0,0
114.8077308,1607.308231,0,0,0,0
143.831833,3595.795825,0,0,0,0
645.2165927,10968.68208,0,0,0,0
221.53988,3987.71784,0,0,0,0
295.7822414,4732.515862,0,0,0,0
807.8373395,16964.58413,0,0,1,0
731.9780894,13907.5837,0,0,1,0
299.1148076,7776.984998,0,0,0,0
368.4336312,8105.539886,0,0,0,0
746.3343732,21643.69682,0,0,0,0
581.3095268,11044.88101,0,0,0,0
413.8841481,9933.219554,0,3,0,0
653.4400849,6534.400849,0,0,1,0
551.3288488,13783.22122,0,0,1,0
588.821206,1766.463618,0,0,1,0
698.0108159,6282.097343,0,0,1,0
619.7705306,10536.09902,0,0,0,0
168.1831738,4204.579345,0,5,0,0
596.3886428,10734.99557,0,0,0,0
975.2536165,21455.57956,0,0,0,0
350.1571551,9104.086033,0,3,0,0
425.6565945,1702.626378,0,0,0,0
884.5431496,0,0,0,0,0
885.7841967,15058.33134,0,3,1,0
966.6480189,27066.14453,0,0,0,0
154.5972464,1545.972464,0,0,0,0
628.7312042,18861.93613,0,0,0,0
596.4622689,13718.63218,0,0,0,0
541.1007341,15150.82055,0,1,0,0
602.1745806,5419.571225,0,0,0,0
143.7397219,431.2191657,0,0,0,0
835.164541,22549.44261,0,0,0,0
218.2719168,1527.903418,0,0,0,0
210.4549194,4419.553307,0,0,0,0
366.0303963,1464.121585,0,0,0,0
480.9564776,6252.434209,0,0,0,0
524.1820479,4193.456383,0,0,0,0
209.7750891,4405.276871,0,0,1,0
230.9225454,5080.295999,0,0,0,0
292.3802799,2631.422519,0,0,0,0
514.3955851,2057.58234,0,0,1,0
400.2530028,5603.542039,0,0,0,0
514.5016284,2572.508142,0,0,0,0
978.9778628,13705.69008,0,0,0,0
356.0531442,1068.159433,0,0,0,0
869.2319171,3476.927668,0,0,1,0
516.8412666,14471.55546,0,0,0,0
599.6688385,7795.694901,0,3,0,0
356.4103817,8910.259543,0,0,0,0
748.4508721,7484.508721,0,0,0,0
285.9133049,5432.352793,0,0,0,0
650.6815211,16917.71955,0,5,0,0
302.6994428,4540.491642,0,0,0,0
348.9421299,6629.900468,0,0,0,0
233.6998825,3271.798355,0,1,0,0
799.2352664,5594.646865,0,0,1,0
573.2610841,1146.522168,0,0,0,0
692.9511304,11087.21809,0,0,0,0
861.7200846,1723.440169,0,0,0,0
185.0323486,1295.22644,0,3,0,0
778.9939438,10905.91521,0,0,0,0
268.6039835,5372.07967,0,0,0,0
206.9367032,5794.22769,0,0,0,0
395.5145875,0,0,0,1,0
552.6568182,0,0,0,0,0
590.1536992,1180.307398,0,0,0,0
954.0631233,23851.57808,0,0,0,0
452.5488594,5430.586313,0,0,0,0
269.7692987,2427.923688,0,0,0,0
488.9997194,488.9997194,0,0,0,0
819.390729,20484.76823,0,0,0,0
984.5235964,26582.1371,0,2,0,0
207.3242988,5183.10747,0,3,0,0
865.6765051,12119.47107,0,0,0,0
428.7149143,3858.434229,0,0,0,0
744.476896,2233.430688,0,0,1,0
484.5259883,8236.941801,0,6,0,0
870.9886458,10451.86375,0,0,0,0
918.6812021,4593.406011,0,0,0,0
409.7558817,7785.361752,0,0,0,0
504.6446743,15139.34023,0,0,0,0
221.6204952,6426.994361,0,0,0,0
975.2356757,6826.64973,0,0,0,0
106.363069,2871.802863,0,0,0,0
576.8975236,11537.95047,0,0,1,0
299.0017596,6578.038711,0,0,0,0
313.4224327,1567.112164,0,0,0,0
891.109389,25842.17228,0,0,0,0
734.5007466,15424.51568,0,6,0,0
993.734603,6956.142221,0,0,0,0
486.7195137,8760.951247,0,0,0,0
744.8665475,11172.99821,0,0,0,0
971.4335585,14571.50338,0,0,1,0
983.3165585,25566.23052,0,0,0,0
206.10803,1030.54015,0,0,0,0
423.1782568,10579.45642,0,0,0,0
463.3685021,13437.68656,0,0,1,0
946.6120554,21772.07727,0,0,0,0
765.5377846,21435.05797,0,0,0,0
838.8031795,838.8031795,0,0,0,0
825.3938393,20634.84598,0,0,0,0
628.8589918,6288.589918,0,0,0,0
624.7182738,1249.436548,0,0,0,0
371.7361801,6319.515062,0,0,0,0
775.6426744,23269.28023,0,0,0,0
954.2404197,10496.64462,0,2,0,0
355.2746399,8526.591358,0,0,0,0
402.476241,1609.904964,0,0,0,0
261.4292863,2091.43429,0,0,0,0
660.0832143,0,0,1,1,0
600.5783542,4204.048479,0,0,0,0
392.5302345,2747.711642,0,0,1,0
491.4858425,2948.915055,0,0,0,0
313.6576982,5018.523171,0,0,1,0
515.0148265,13905.40032,0,0,0,0
712.7100812,10690.65122,0,0,0,0
52.8857532,158.6572596,0,0,0,0
541.4975899,15703.43011,0,0,0,0
786.4843854,5505.390698,0,0,0,0
314.1968567,2199.377997,0,0,1,0
846.0664459,21997.72759,0,0,0,0
227.9131563,1823.30525,0,0,0,0
853.5837651,1707.16753,0,0,0,0
755.5034884,6799.531396,0,6,0,0
743.6344504,17103.59236,0,0,0,0
435.8767684,1743.507074,0,0,0,0
705.911185,9882.75659,0,0,0,0
988.0672745,13832.94184,0,0,0,0
931.2138503,3724.855401,0,0,0,0
245.5154513,3928.247221,0,0,0,0
247.6550148,7429.650444,0,0,0,0
881.0773248,10572.9279,0,0,0,0
550.4146843,14310.78179,0,0,0,0
602.3405269,16865.53475,0,0,0,0
914.1891189,10970.26943,0,0,1,0
662.3495406,2649.398162,0,1,1,0
833.3532805,23333.89185,0,2,1,0
535.8868722,7502.416211,0,1,0,0
814.1956054,17098.10771,0,0,0,0
828.3151135,23192.82318,0,0,1,0
605.5981422,3027.990711,0,0,0,0
35.04904342,981.3732158,0,0,0,0
419.5619303,10489.04826,0,0,0,0
211.1791851,633.5375553,0,0,0,0
703.0219452,16169.50474,0,0,0,0
699.9841384,12599.71449,0,1,0,0
309.0951308,4945.522093,0,2,1,0
746.9894161,0,0,0,1,0
407.7602189,11417.28613,0,0,0,0
253.9655417,2031.724334,0,0,0,0
503.9091447,0,0,0,0,0
819.4789443,9014.268387,0,0,0,0
124.7533989,748.5203934,0,0,0,0
901.5045824,10818.05499,0,0,0,0
389.5537416,3116.429933,0,6,0,0
79.71701187,1275.47219,0,0,0,0
474.1123426,0,0,0,0,0
602.1152676,15052.88169,0,0,0,0
495.7634253,0,0,0,0,0
629.8197898,629.8197898,0,0,1,0
545.6993816,4365.595053,0,0,0,0
874.0810164,16607.53931,0,6,1,0
578.2834626,578.2834626,0,0,1,0
896.7453909,4483.726955,0,0,0,0
683.8202526,5470.562021,0,0,0,0
538.9531178,11318.01547,0,6,0,0
627.6328189,15690.82047,0,0,0,0
487.4106254,9260.801883,0,0,1,0
440.2191503,4842.410653,0,0,0,0
459.384422,2296.92211,0,0,1,0
602.8981449,3617.388869,0,0,0,0
438.9596391,8779.192782,0,1,0,0
716.4446716,21493.34015,0,0,0,0
465.0166178,4650.166178,0,0,0,0
682.725703,3413.628515,0,0,0,0
223.6510032,0,0,0,0,0
477.0149741,7632.239586,0,0,0,0
684.0287684,13680.57537,0,0,1,0
622.1654905,0,0,0,0,0
935.1886516,19638.96168,0,0,0,0
406.2528695,10156.32174,0,0,0,0
234.4246068,6798.313597,0,0,0,0
254.9159716,6882.731233,0,0,0,0
997.6217307,8978.595576,0,4,0,0
247.3165847,7419.497541,0,0,0,0
32.72000474,523.5200758,0,0,0,0
519.2845487,9347.121877,0,3,0,0
900.7063168,6304.944218,0,0,0,0
898.1056593,4490.528297,0,0,0,0
866.068007,6062.476049,0,5,0,0
292.0606699,2920.606699,0,1,0,0
296.3706656,8298.378637,0,0,0,0
620.0755269,5580.679742,0,0,0,0
992.8358237,10921.19406,0,0,0,0
123.1615742,1354.777316,0,0,0,0
399.1900348,0,0,0,0,0
765.5517243,21435.44828,0,0,0,0
306.2600404,7350.24097,0,0,1,0
791.9249215,2375.774765,0,0,1,0
527.4927817,2637.463909,0,0,0,0
656.3685964,18378.3207,0,0,0,0
175.9426771,1231.59874,0,0,0,0
764.0368711,6112.294969,0,0,1,0
862.508324,21562.7081,0,0,0,0
527.5805358,14772.255,0,0,0,0
525.1491252,11553.28075,0,0,0,0
523.3362839,10466.72568,0,0,0,0
296.3328,0,0,0,1,0
231.9708069,2783.649683,0,0,0,0
615.4655337,6770.120871,0,0,0,0
718.5071139,10059.09959,0,0,0,0
938.1873711,7505.498969,0,0,0,0
681.8152601,12954.48994,0,0,0,0
62.46266579,874.4773211,0,0,0,0
65.74840168,1183.47123,0,0,0,0
365.1333623,10588.86751,0,0,0,0
166.9837815,166.9837815,0,0,0,0
203.7188665,2444.626398,0,4,0,0
146.4119144,3074.650202,0,0,0,0
376.1595798,7523.191596,0,0,0,0
206.8344243,3723.019637,0,6,0,0
527.9947945,13727.86466,0,0,0,0
912.1798465,17331.41708,0,0,0,0
888.4147352,21321.95364,0,4,0,0
310.8060209,7459.344502,0,0,0,0
117.4985881,1292.484469,0,0,0,0
631.0426792,4417.298754,0,0,0,0
98.8178528,2668.082026,0,0,0,0
566.5202995,16995.60899,0,0,0,0
129.298287,2844.562314,0,0,0,0
200.5866506,601.7599518,0,0,0,0
289.7171796,3766.323335,0,0,0,0
992.7498098,17869.49658,0,1,0,0
540.9996818,12442.99268,0,0,1,0
314.0772256,3768.926707,0,0,0,0
854.1766719,20500.24013,0,0,0,0
279.9164251,2239.331401,0,0,0,0
40.85319545,367.6787591,0,0,0,0
865.5540299,20773.29672,0,2,0,0
529.6572068,7415.200895,0,0,0,0
213.5880344,0,0,0,0,0
306.6302428,306.6302428,0,0,1,0
10.13506361,212.8363358,0,0,0,0
952.2256378,12378.93329,0,0,0,0
17.78054896,444.513724,0,0,0,0
860.4399776,11185.71971,0,0,1,0
771.5095964,21602.2687,0,0,0,0
846.8021176,22016.85506,0,0,0,0
643.6216772,1287.243354,0,0,0,0
391.9220009,11365.73803,0,1,0,0
152.1042399,2585.772078,0,0,1,0
537.2434943,15580.06133,0,0,1,0
335.9331277,5038.996916,0,0,0,0
70.67558917,848.10707,0,0,0,0
98.47865958,492.3932979,0,0,1,0
232.9634214,6057.048956,0,5,0,0
873.5116077,24458.32502,0,0,0,0
102.6990951,2464.778282,0,0,0,0
631.3324317,18308.64052,0,0,0,0
966.1965966,3864.786386,0,0,0,0
683.7534873,5470.027898,0,0,0,0
350.7991929,8769.979823,0,0,0,0
250.8916656,0,0,0,0,0
412.7377337,11969.39428,0,0,0,0
411.9448641,5355.283233,0,0,0,0
225.9983545,3615.973672,0,0,0,0
472.2439703,472.2439703,0,0,0,0
613.2091268,4905.673014,0,0,0,0
497.1805126,11932.3323,0,1,0,0
409.4843345,1637.937338,0,0,1,0
39.77823661,716.008259,0,0,1,0
987.8902484,18769.91472,0,0,0,0
501.2647389,8521.500561,0,0,0,0
812.1777179,8933.954897,0,2,0,0
530.7618268,3184.570961,0,0,0,0
523.0975482,6277.170578,0,0,0,0
493.8413954,5926.096745,0,0,0,0
51.45765132,463.1188619,0,0,0,0
533.8957892,533.8957892,0,0,1,0
308.8789098,926.6367294,0,0,1,0
664.1686305,14611.70987,0,6,0,0
501.2381465,5513.619612,0,0,0,0
713.5427075,9276.055198,0,0,0,0
984.0674846,13776.94478,0,1,0,0
783.45947,3133.83788,0,0,0,0
310.0229388,7440.550531,0,1,0,0
21.52201828,559.5724753,0,0,0,0
534.0265611,11748.58434,0,0,0,0
47.28350856,1276.654731,0,0,0,0
469.8180639,11745.4516,0,0,0,0
164.6135871,164.6135871,0,0,0,0
930.4314472,27912.94342,0,0,0,0
718.558913,11496.94261,0,0,0,0
936.9469152,936.9469152,0,0,0,0
435.4489871,5225.387845,0,0,0,0
385.5979448,6940.763006,0,0,0,0
413.7246698,6619.594717,0,0,0,0
464.9235673,2324.617837,0,0,0,0
152.7989338,1527.989338,0,0,0,0
869.7311365,2609.19341,0,6,0,0
424.3075808,9334.766778,0,0,0,0
102.7535061,1746.809604,0,2,0,0
380.151067,4561.812804,0,0,0,0
228.9770447,228.9770447,0,0,1,0
186.8883948,0,0,0,0,0
86.3135636,776.8220724,0,2,0,0
149.0483188,2682.869738,0,3,0,0
62.22177101,1368.878962,0,0,0,0
671.2096235,14766.61172,0,5,0,0
491.0186802,8347.317563,0,0,0,0
994.1711113,0,0,0,0,0
645.07165,18062.0062,0,0,1,0
417.0427642,2919.299349,0,0,0,0
568.7886679,5119.098011,0,0,0,0
196.2136479,5297.768493,0,0,0,0
965.2433657,17374.38058,0,0,1,0
346.2256318,346.2256318,0,0,0,0
100.7469885,2417.927724,0,0,1,0
861.0102791,5166.061675,0,0,0,0
961.4787821,11537.74539,0,6,0,0
151.5412132,1666.953345,0,0,0,0
218.107283,3271.609245,0,6,0,0
152.9526931,1529.526931,0,0,0,0
665.5853612,5324.68289,0,0,0,0
648.8878082,3893.326849,0,0,0,0
770.6434466,10789.00825,0,0,1,0
781.9515906,14075.12863,0,0,0,0
104.6369234,2302.012315,0,0,0,0
214.2782276,3857.008097,0,0,0,0
23.60243627,0,0,0,0,0
642.6249223,14780.37321,0,0,0,0
851.2575795,5107.545477,0,6,0,0
119.3069239,2982.673098,0,0,0,0
310.5582843,4037.257696,0,1,0,0
110.007624,2640.182976,0,0,0,0
767.3412058,21485.55376,0,0,0,0
686.8247506,17857.44352,0,0,1,0
357.2455622,9288.384617,0,0,0,0
456.4103762,2282.051881,0,4,0,0
355.6947319,4624.031515,0,0,0,0
449.6412479,5845.336223,0,0,0,0
803.7360184,3214.944074,0,0,1,0
79.22762322,2376.828697,0,0,0,0
60.58778153,1575.28232,0,0,0,0
934.5224073,14952.35852,0,0,0,0
283.7282112,6809.477069,0,0,0,0
71.69631664,1649.015283,0,0,0,0
870.6978544,0,0,0,0,0
828.4100331,1656.820066,0,0,0,0
988.5677885,4942.838943,0,0,0,0
967.536767,27091.02948,0,0,0,0
77.48085986,697.3277387,0,0,0,0
974.2055622,4871.027811,0,0,0,0
334.0482992,6012.869386,0,6,0,0
782.9735627,10178.65632,0,1,0,0
868.6940641,13899.10503,0,0,0,0
890.8021377,26724.06413,0,0,0,0
240.5233089,6013.082723,0,0,0,0
239.6170444,958.4681776,0,0,0,0
902.3932677,18047.86535,0,0,0,0
900.7780755,21618.67381,0,0,0,0
938.9816626,10328.79829,0,0,0,0
321.6215418,3537.83696,0,0,0,0
209.8624028,1469.03682,0,0,1,0
971.2146688,4856.073344,0,0,0,0
326.5310733,9142.870052,0,0,0,0
634.608333,6346.08333,0,0,0,0
888.4625494,24876.95138,0,0,0,0
113.3466493,2606.972934,0,0,0,0
723.8189798,723.8189798,0,0,1,0
787.3743977,19684.35994,0,0,0,0
691.8998036,9686.59725,0,0,0,0
878.2324089,14929.95095,0,0,0,0
366.3829346,8426.807496,0,0,0,0
202.2090186,2022.090186,0,0,0,0
505.6010922,3539.207645,0,0,0,0
765.1264699,20658.41469,0,0,0,0
494.2425884,8896.366591,0,0,0,0
79.55197475,954.623697,0,0,0,0
912.3725339,23721.68588,0,2,0,0
139.6437436,3072.162359,0,0,0,0
67.969751,1631.274024,0,0,0,0
303.8787079,303.8787079,0,0,0,0
546.9941245,10939.88249,0,0,0,0
489.2737983,8806.928369,0,1,0,0
849.4673427,2548.402028,0,0,1,0
994.4646027,15911.43364,0,0,1,0
415.365899,5815.122586,0,0,1,0
904.350876,7234.807008,0,0,0,0
53.99449379,809.9174069,0,0,0,0
249.6092298,6489.839975,0,0,1,0
774.7047234,4648.22834,0,0,0,0
979.5274801,0,0,0,0,0
950.95113,16166.16921,0,0,0,0
533.0267792,12259.61592,0,0,0,0
15.61574905,343.5464791,0,0,0,0
779.9998753,13259.99788,0,0,0,0
260.0306239,3380.398111,0,0,0,0
117.9639353,1651.495094,0,0,0,0
331.306992,4969.60488,0,0,0,0
361.4048619,1084.214586,0,1,0,0
242.175129,5812.203096,0,5,0,0
528.1646808,15316.77574,0,0,0,0
951.6094128,16177.36002,0,0,0,0
491.8025341,983.6050682,0,5,0,0
109.5781371,1753.250194,0,0,0,0
177.0337202,2832.539523,0,0,0,0
634.751585,9521.273775,0,5,0,0
467.7990919,7016.986379,0,0,0,0
476.6770881,5243.447969,0,0,0,0
354.9006412,1774.503206,0,0,0,0
502.4265952,5024.265952,0,0,0,0
147.3741469,3831.727819,0,3,0,0
70.71279051,919.2662766,0,0,0,0
535.9219977,5359.219977,0,0,0,0
370.7169032,4448.602838,0,0,0,0
681.4080106,16353.79225,0,3,0,0
258.7715643,2587.715643,0,0,0,0
205.5083867,3493.642574,0,5,0,0
646.1567653,18092.38943,0,0,0,0
214.1245229,1284.747137,0,0,0,0
438.4793422,10523.50421,0,0,0,0
317.2745703,3490.020273,0,0,0,0
721.75183,7939.27013,0,0,0,0
950.4055516,20908.92214,0,0,0,0
470.5214957,7998.865427,0,0,0,0
167.416533,2176.414929,0,0,0,0
813.2147357,813.2147357,0,0,1,0
760.4026564,10645.63719,0,0,0,0
426.8611966,11952.1135,0,0,0,0
453.7549991,5898.814988,0,0,0,0
207.6414459,4360.470364,0,0,0,0
80.55682561,1127.795559,0,0,0,0
720.274822,20887.96984,0,0,0,0
140.3885603,2105.828405,0,0,0,0
262.8345814,1314.172907,0,0,0,0
236.9948969,2606.943866,0,0,0,0
994.9872011,18904.75682,0,0,0,0
284.8343405,4557.349448,0,1,0,0
589.0571821,15315.48673,0,0,0,0
74.34093079,743.4093079,0,0,0,0
31.19172007,343.1089208,0,0,0,0
205.1186699,5743.322757,0,0,0,0
853.271362,23038.32677,0,0,0,0
454.585257,4091.267313,0,0,0,0
330.6639474,0,0,0,0,0
742.4557002,19303.84821,0,2,1,0
959.7141485,18234.56882,0,3,1,0
236.4571595,1655.200117,0,0,0,0
366.4408559,3297.967703,0,0,0,0
900.9657918,11712.55529,0,4,0,0
820.4086873,4922.452124,0,0,1,0
108.0366596,648.2199576,0,0,0,0
793.4039636,2380.211891,0,0,1,0
305.4780268,0,0,0,0,0
645.4808533,645.4808533,0,0,0,0
924.7720703,2774.316211,0,0,0,0
343.4040662,5151.060993,0,0,0,0
670.9363477,14760.59965,0,0,0,0
875.3891965,15757.00554,0,6,0,0
812.4080379,1624.816076,0,5,0,0
216.2755969,3244.133954,0,0,0,0
271.7648081,7609.414627,0,0,0,0
960.4323617,5762.59417,0,2,0,0
908.0677807,3632.271123,0,0,0,0
457.2117028,11887.50427,0,0,0,0
828.3162433,15738.00862,0,4,0,0
636.9243118,2547.697247,0,0,0,0
374.8209988,3373.388989,0,8,0,0
865.8621009,25975.86303,0,0,0,0
20.53872105,287.5420947,0,0,1,0
699.5611201,11192.97792,0,0,0,0
479.8838579,8637.909442,0,0,0,0
494.4024522,11371.2564,0,0,0,0
453.2917794,10879.00271,0,0,0,0
588.4226094,6472.648703,0,0,0,0
444.4585881,1777.834352,0,0,0,0
161.7877864,2265.02901,0,0,0,0
301.6586673,904.9760019,0,0,0,0
18.19954524,436.7890858,0,0,0,0
710.1299289,20593.76794,0,0,0,0
94.85828742,1612.590886,0,0,0,0
90.55621124,90.55621124,0,0,0,0
476.9598185,953.919637,0,3,0,0
71.7668245,1650.636964,0,0,0,0
260.5499071,1042.199628,0,0,0,0
667.9883995,10687.81439,0,0,0,0
701.9198833,2807.679533,0,0,0,0
833.7608581,16675.21716,0,0,0,0
921.1322117,27633.96635,0,0,0,0
81.44378018,895.881582,0,0,0,0
30.7483322,461.224983,0,0,0,0
24.99837437,274.9821181,0,2,0,0
114.7660913,2180.555735,0,0,0,0
660.1286184,15843.08684,0,0,1,0
937.4655299,12187.05189,0,0,1,0
999.1947062,26978.25707,0,0,0,0
970.95401,12622.40213,0,0,0,0
692.3463816,15231.6204,0,0,0,0
806.4103521,4838.462113,0,0,0,0
863.3597442,863.3597442,0,0,0,0
772.3682727,10813.15582,0,0,0,0
465.6734136,8847.794858,0,0,1,0
489.4999249,1957.9997,0,0,0,0
256.2514605,3843.771908,0,0,0,0
552.1291886,16011.74647,0,0,0,0
689.7570786,5518.056629,0,0,1,0
429.2798246,8156.316667,0,1,0,0
414.5332266,12435.9968,0,0,0,0
662.7658508,9278.721911,0,0,0,0
957.7512359,24901.53213,0,0,0,0
366.934632,9173.3658,0,4,0,0
799.8988608,22397.1681,0,0,0,0
536.652741,1609.958223,0,0,0,0
210.8741372,2741.363784,0,0,0,0
254.6987928,6876.867406,0,0,0,0
369.2840056,0,0,0,1,0
581.6288444,16867.23649,0,0,1,0
899.7523182,1799.504636,0,0,0,0
204.9287794,1229.572676,0,5,0,0
766.8051873,20703.74006,0,4,0,0
152.9351385,611.740554,0,4,0,0
70.54453977,0,0,1,0,0
104.5537563,1254.645076,0,4,0,0
717.3397203,10760.0958,0,0,1,0
180.9739688,3800.453345,0,0,0,0
362.2507667,5071.510734,0,0,0,0
316.2852299,5376.848908,0,0,1,0
305.113986,7017.621678,0,0,0,0
986.464559,14796.96839,0,0,0,0
883.1434881,12364.00883,0,1,0,0
269.3449873,2693.449873,0,0,0,0
798.2538165,16763.33015,0,0,0,0
220.4118382,4187.824926,0,0,1,0
580.4005391,16831.61563,0,0,0,0
7.438057415,96.6947464,0,0,0,0
522.364572,3656.552004,0,6,0,0
354.2113665,10626.341,0,0,0,0
395.5872135,9098.505911,0,0,0,0
141.2026094,1129.620875,0,1,0,0
586.8798346,5868.798346,0,0,0,0
598.2471305,17349.16678,0,0,1,0
543.9544327,2719.772164,0,0,0,0
27.26971959,245.4274763,0,0,0,0
294.062671,2058.438697,0,0,0,0
974.4316186,24360.79047,0,0,0,0
147.3076536,147.3076536,0,0,0,0
818.435847,23734.63956,0,0,0,0
18.29195502,109.7517301,0,0,1,0
591.6730807,10650.11545,0,0,0,0
534.5470786,11760.03573,0,3,0,0
487.462776,10724.18107,0,0,0,0
328.9072018,4275.793623,0,0,0,0
623.1687092,13709.7116,0,0,0,0
347.4760977,1389.904391,0,0,0,0
147.8878797,295.7757594,0,0,0,0
297.7885827,8338.080316,0,3,0,0
133.0998451,3593.695818,0,4,0,0
257.3432173,1801.402521,0,0,0,0
330.5324268,2313.726988,0,0,0,0
142.8416548,1999.783167,0,0,0,0
96.72327404,1063.956014,0,0,0,0
909.7522449,25473.06286,0,0,1,0
846.1388146,24538.02562,0,0,0,0
200.3626725,5009.066813,0,0,0,0
919.0079436,24813.21448,0,0,0,0
333.6765248,9009.26617,0,0,0,0
823.7905758,14828.23036,0,0,0,0
188.0496771,1316.34774,0,0,0,0
744.8022729,4468.813637,0,0,0,0
818.9386211,15559.8338,0,0,0,0
381.08736,0,0,0,0,0
178.411712,3211.410816,0,0,0,0
763.9893734,12987.81935,0,0,0,0
93.78752575,0,0,0,1,0
657.2020648,8543.626842,0,0,0,0
536.8710664,4294.968531,0,0,0,0
328.9785598,0,0,0,0,0
966.3692154,2899.107646,0,0,0,0
768.3669651,2305.100895,0,0,0,0
266.7788614,7736.586981,0,0,0,0
977.6033174,22484.8763,0,0,1,0
516.4123634,9811.834905,0,0,0,0
560.6187727,7848.662818,0,0,0,0
216.9332464,650.7997392,0,4,0,0
350.839702,9121.832252,0,0,0,0
679.9693288,2719.877315,0,0,0,0
769.8602607,18476.64626,0,0,0,0
437.2174398,9618.783676,0,0,1,0
731.0529155,16083.16414,0,0,0,0
564.0291267,564.0291267,0,0,1,0
621.5079074,12430.15815,0,0,0,0
463.0165098,926.0330196,0,0,0,0
464.9819413,5579.783296,0,0,0,0
694.7861373,4168.716824,0,0,0,0
147.6496012,1033.547208,0,4,0,0
352.5517441,6345.931394,0,0,0,0
342.3816945,7532.397279,0,0,0,0
430.8114242,430.8114242,0,0,1,0
913.8312984,10965.97558,0,0,0,0
53.19147758,691.4892085,0,0,0,0
520.3349974,13528.70993,0,0,0,0
630.7852684,3153.926342,0,0,0,0
296.2787278,5333.0171,0,0,0,0
263.0209924,6575.52481,0,0,0,0
386.0123467,1930.061734,0,0,0,0
331.426718,7954.241232,0,0,0,0
168.3523854,0,0,0,0,0
764.6983576,1529.396715,0,0,0,0
987.8641789,11854.37015,0,0,0,0
392.7683894,9033.672956,0,0,0,0
475.6859198,4281.173278,0,0,0,0
184.9849308,4069.668478,0,0,0,0
189.6390626,2844.585939,0,0,0,0
513.5806632,0,0,0,0,0
922.110521,22130.6525,0,0,0,0
903.0065395,18963.13733,0,1,0,0
758.5428636,15929.40014,0,0,1,0
841.0712877,5887.499014,0,0,0,0
21.17863641,63.53590923,0,1,0,0
234.5748482,1172.874241,0,0,0,0
142.4026221,4272.078663,0,2,1,0
805.380708,20939.89841,0,0,0,0
190.3188267,2093.507094,0,0,0,0
979.4867996,13712.81519,0,0,0,0
378.4951729,1892.475865,0,5,0,0
800.8383408,4004.191704,0,0,0,0
104.7375247,1675.800395,0,0,0,0
276.6084992,7468.429478,0,5,0,0
710.6938208,18478.03934,0,0,0,0
978.0485146,3912.194058,0,0,1,0
870.7019544,24379.65472,0,0,0,0
527.101438,15285.9417,0,0,0,0
281.5118871,0,0,0,0,0
998.3917078,17971.05074,0,0,1,0
176.5628143,176.5628143,0,0,0,0
604.8891588,13912.45065,0,0,1,0
674.0469714,6740.469714,0,0,0,0
242.683569,6067.089225,0,0,1,0
382.9491947,11488.47584,0,0,0,0
809.2980771,12948.76923,0,0,0,0
303.0473788,2121.331652,0,0,0,0
543.2108173,12493.8488,0,0,0,0
597.5883336,10756.59,0,0,0,0
696.7821391,13238.86064,0,0,0,0
244.0258922,488.0517844,0,0,0,0
646.4714871,14222.37272,0,0,0,0
293.8060975,4700.89756,0,0,0,0
372.9341899,8577.486368,0,0,0,0
902.0298855,0,0,3,1,0
354.2044561,2125.226737,0,0,0,0
775.3821889,22486.08348,0,0,0,0
503.7750617,3022.65037,0,6,0,0
896.5596267,17931.19253,0,5,0,0
459.066077,8722.255463,0,0,0,0
553.2370417,16597.11125,0,0,0,0
756.4099142,6051.279314,0,0,0,0
813.994494,0,0,2,0,0
351.6396167,2813.116934,0,0,0,0
294.7162034,4715.459254,0,0,0,0
607.5146221,4252.602355,0,0,0,0
12.27570287,306.8925718,0,0,1,0
236.1417957,708.4253871,0,1,0,0
97.28273716,680.9791601,0,0,0,0
112.131824,224.263648,0,0,1,0
222.4210717,889.6842868,0,0,0,0
715.3745594,4292.247356,0,0,0,0
193.2739131,4252.026088,0,6,0,0
115.7945154,2431.684823,0,4,0,0
442.7451543,0,0,0,0,0
62.96519338,1133.373481,0,0,0,0
348.6578519,9413.762001,0,0,0,0
203.5552844,1628.442275,0,2,0,0
465.4841351,11637.10338,0,0,1,0
742.8205675,15599.23192,0,0,0,0
920.6787237,0,0,0,1,0
334.5756553,7695.240072,0,0,0,0
779.8859112,15597.71822,0,0,0,0
208.1895428,4580.169942,0,2,0,0
135.0953012,1621.143614,0,0,0,0
641.7236824,18609.98679,0,0,0,0
734.4918015,1468.983603,0,0,0,0
773.8973174,20895.22757,0,0,0,0
994.0607738,15904.97238,0,0,0,0
328.9073055,9209.404554,0,0,0,0
327.7800332,1311.120133,0,1,0,0
40.24518257,120.7355477,0,0,0,0
266.89849,533.79698,0,0,0,0
357.2723062,714.5446124,0,0,1,0
158.4641409,2060.033832,0,0,0,0
751.0705198,21781.04507,0,0,0,0
734.9744037,7349.744037,0,0,0,0
685.2157805,685.2157805,0,0,0,0
582.4438585,8154.214019,0,0,0,0
338.0616937,338.0616937,0,4,1,0
354.2020177,4250.424212,0,0,0,0
880.3143529,4401.571765,0,5,0,0
473.2755808,7099.133712,0,0,1,0
904.7367691,23523.156,0,0,0,0
159.8413854,159.8413854,0,2,1,0
126.8518887,3298.149106,0,0,0,0
101.4919157,1623.870651,0,0,0,0
888.4004575,10660.80549,0,0,0,0
641.7271777,8984.180488,0,6,0,0
513.1296405,4105.037124,0,0,0,0
409.9123233,0,0,0,0,0
840.0193242,7560.173918,0,0,0,0
328.0947104,5577.610077,0,3,0,0
189.533276,3411.598968,0,0,0,0
771.3216886,7713.216886,0,0,0,0
996.5854392,5979.512635,0,0,0,0
774.0721122,3870.360561,0,0,0,0
427.0121119,12383.35125,0,0,0,0
906.9704234,9976.674657,0,0,0,0
182.6126988,730.4507952,0,0,0,0
86.86921083,347.4768433,0,0,0,0
320.0961413,3841.153696,0,0,0,0
526.1989489,13154.97372,0,0,1,0
760.151433,22044.39156,0,0,0,0
653.1844167,18942.34808,0,0,0,0
143.8800343,2014.32048,0,1,0,0
391.5223193,1174.566958,0,0,0,0
613.327805,14719.86732,0,0,1,0
943.094139,13203.31795,0,0,0,0
616.3784603,5547.406143,0,0,1,0
261.0407231,5220.814462,0,0,0,0
869.124003,23466.34808,0,0,0,0
756.1189178,3024.475671,0,0,0,0
827.5996395,20689.99099,0,4,0,0
377.9900632,4535.880758,0,0,0,0
523.6394888,12043.70824,0,0,0,0
301.400302,7836.407852,0,0,0,0
905.7103458,17208.49657,0,0,0,0
885.4964678,4427.482339,0,0,0,0
341.5525558,2732.420446,0,4,1,0
251.89418,2770.83598,0,2,1,0
944.341145,16998.14061,0,0,0,0
196.4638971,196.4638971,0,0,0,0
984.7940259,25604.64467,0,0,0,0
92.64918696,92.64918696,0,0,0,0
853.1448143,6825.158514,0,0,0,0
561.3105881,12348.83294,0,0,0,0
983.8705044,9838.705044,0,0,0,0
201.5703129,4837.68751,0,0,0,0
702.6567452,7729.224197,0,0,0,0
319.9116166,0,0,0,0,0
117.9261843,2122.671317,0,0,0,0
718.874477,7907.619247,0,0,0,0
33.64824404,605.6683927,0,0,0,0
340.9290136,9205.083367,0,0,0,0
742.822941,10399.52117,0,0,0,0
82.07904675,2134.055216,0,0,0,0
800.7608254,16015.21651,0,0,1,0
101.2866854,506.433427,0,3,0,0
744.7480466,744.7480466,0,0,0,0
796.9051854,19922.62964,0,0,0,0
141.2746971,4238.240913,0,0,1,0
584.9725991,584.9725991,0,0,0,0
801.7141991,8017.141991,0,0,1,0
599.1407268,5392.266541,0,0,0,0
202.3844016,2833.381622,0,0,0,0
48.42396272,581.0875526,0,0,0,0
932.1896352,12118.46526,0,0,1,0
137.7018438,3855.651626,0,0,0,0
501.6393644,1504.918093,0,0,0,0
830.7162764,22429.33946,0,0,1,0
391.9456543,2743.61958,0,0,0,0
688.2042465,7570.246712,0,0,1,0
678.1943378,8816.526391,0,0,1,0
396.465695,1189.397085,0,0,0,0
878.0915855,0,0,0,0,0
604.4478463,13902.30046,0,6,0,0
349.8045311,1749.022656,0,0,0,0
39.84206056,39.84206056,0,0,0,0
156.6446371,4699.339113,0,0,0,0
484.923986,9698.47972,0,0,0,0
811.2393405,22714.70153,0,0,1,0
935.6087981,20583.39356,0,0,1,0
866.3868295,24258.83123,0,0,0,0
5.902675552,47.22140442,0,0,0,0
260.7214424,1564.328654,0,0,0,0
538.8056809,6465.668171,0,0,1,0
498.633967,4986.33967,0,0,0,0
434.5361343,7387.114283,0,0,1,0
539.3947857,10248.50093,0,0,1,0
66.98040718,1942.431808,0,0,0,0
826.9350602,6615.480482,0,0,1,0
193.5214158,4063.949732,0,0,0,0
775.0578919,3100.231568,0,5,0,0
927.0268192,6489.187734,0,0,0,0
923.9407719,27718.22316,0,0,0,0
965.965552,28013.00101,0,0,1,0
768.3023216,0,0,0,0,0
671.2955998,12754.6164,0,0,0,0
720.1816178,14403.63236,0,0,0,0
445.4537799,4899.991579,0,0,1,0
266.0570676,4522.970149,0,0,1,0
437.3642515,5248.371018,0,0,0,0
421.7127544,2951.989281,0,0,0,0
696.2968202,2785.187281,0,0,0,0
758.2684848,1516.53697,0,0,0,0
92.38174468,646.6722128,0,0,0,0
628.5438368,13827.96441,0,0,0,0
523.9467101,14670.50788,0,0,0,0
739.2457999,5913.966399,0,0,0,0
945.0691734,12285.89925,0,0,0,0
755.8673152,18896.68288,0,1,0,0
764.5657042,13762.18268,0,0,0,0
121.1687524,2302.206296,0,0,1,0
241.2103363,3376.944708,0,0,0,0
453.2414563,906.4829126,0,0,0,0
956.1507819,22947.61877,0,0,0,0
525.4060018,12609.74404,0,0,1,0
221.2459087,4424.918174,0,0,0,0
660.2728699,7923.274439,0,0,0,0
208.7059799,4174.119598,0,0,1,0
756.2718055,5293.902639,0,0,0,0
410.0125387,9840.300929,0,0,0,0
159.1736746,1591.736746,0,0,0,0
899.7438785,899.7438785,0,0,0,0
344.0719676,3440.719676,0,0,0,0
577.943551,13292.70167,0,0,0,0
965.4525455,25101.76618,0,0,0,0
587.7956095,13519.29902,0,0,0,0
676.0535665,0,0,0,0,0
843.5411337,18557.90494,0,0,0,0
606.4889114,7884.355848,0,1,0,0
381.8999993,11075.09998,0,0,0,0
205.1370739,2461.644887,0,0,0,0
560.5742367,15696.07863,0,0,0,0
68.95413406,1792.807486,0,0,0,0
640.9126213,4486.388349,0,0,0,0
969.6767987,1939.353597,0,0,0,0
943.16751,24522.35526,0,0,0,0
751.6452784,21046.0678,0,0,0,0
474.3663963,13756.62549,0,0,0,0
148.440737,742.203685,0,0,0,0
714.7537621,12865.56772,0,0,0,0
316.8373062,1584.186531,0,1,0,0
182.1339083,3460.544258,0,6,0,0
319.231867,3192.31867,0,0,0,0
396.7555192,5157.82175,0,0,0,0
398.2019538,9556.846891,0,0,0,0
232.0971785,6266.62382,0,0,0,0
277.6728051,5553.456102,0,0,0,0
811.7488421,5682.241895,0,3,1,0
882.4089183,10588.90702,0,0,0,0
901.5309049,0,0,0,0,0
46.76589088,748.2542541,0,0,0,0
392.8161797,10213.22067,0,0,0,0
181.8824499,1636.942049,0,0,0,0
977.9319849,10757.25183,0,0,0,0
41.55770087,83.11540174,0,0,0,0
678.5232437,4071.139462,0,0,0,0
372.6305921,5589.458882,0,0,0,0
799.5778281,19989.4457,0,3,0,0
484.5251802,7267.877703,0,0,0,0
946.4600977,6625.220684,0,0,0,0
319.9636238,8639.017843,0,0,0,0
371.9186482,4091.10513,0,1,0,0
273.716033,0,0,0,1,0
159.4396107,0,0,0,0,0
788.7822187,8676.604406,0,0,0,0
846.2701439,19464.21331,0,0,1,0
168.7113566,2193.247636,0,0,0,0
441.0135639,2205.06782,0,0,0,0
744.6895868,17872.55008,0,0,0,0
760.6500406,13691.70073,0,0,0,0
810.630845,0,0,0,0,0
524.936102,2624.68051,0,0,1,0
647.4947768,17482.35897,0,0,0,0
122.8653348,1720.114687,0,6,0,0
845.8661252,16917.3225,0,0,0,0
782.1991967,0,0,0,0,0
910.9723222,25507.22502,0,0,0,0
658.7874267,5929.08684,0,0,0,0
991.579151,8924.212359,0,0,0,0
871.8060259,6974.448207,0,0,0,0
327.4163952,8185.40988,0,0,0,0
429.0086695,11583.23408,0,6,0,0
779.4119429,5455.8836,0,0,1,0
144.5084207,2745.659993,0,0,0,0
27.36498221,82.09494663,0,0,1,0
495.2767375,3466.937163,0,0,0,0
310.8834545,5906.785636,0,1,0,0
250.2927395,4505.269311,0,0,0,0
688.0657549,11009.05208,0,3,0,0
781.4563208,21099.32066,0,0,0,0
256.6175924,7698.527772,0,0,0,0
352.9046012,8469.710429,0,0,1,0
338.7124806,10161.37442,0,0,0,0
58.28018867,1573.565094,0,3,0,0
343.7332555,2062.399533,0,0,0,0
657.1224342,1971.367303,0,0,0,0
422.6235945,0,0,2,0,0
756.9665502,2270.899651,0,0,0,0
120.1812469,2643.987432,0,0,0,0
495.2488059,9409.727312,0,0,0,0
368.8570316,368.8570316,0,0,0,0
188.2245886,4140.940949,0,0,0,0
353.5616111,4949.862555,0,0,0,0
128.0787809,2305.418056,0,6,0,0
376.2306515,376.2306515,0,0,0,0
573.2689118,2866.344559,0,0,0,0
397.4456063,1192.336819,0,1,0,0
818.1146311,3272.458524,0,0,1,0
86.25917878,431.2958939,0,0,0,0
12.11656356,24.23312712,0,0,0,0
451.4291253,3611.433002,0,6,0,0
786.1301824,6289.041459,0,0,0,0
646.8733196,5821.859876,0,0,0,0
833.1707047,9164.877752,0,0,1,0
382.8332843,11484.99853,0,0,0,0
890.379232,14246.06771,0,0,0,0
193.6272553,3678.917851,0,0,0,0
565.5108682,13572.26084,0,0,1,0
265.0921992,1325.460996,0,0,0,0
378.2879214,6052.606742,0,0,0,0
792.6205344,17437.65176,0,0,0,0
731.9122204,10978.68331,0,0,0,0
116.5746716,1865.194746,0,0,0,0
597.0732174,17315.1233,0,0,0,0
726.5115195,20342.32255,0,1,0,0
568.5612409,10234.10234,0,0,0,0
988.433194,5930.599164,0,0,0,0
659.2806386,15822.73533,0,0,0,0
929.008108,1858.016216,0,1,1,0
956.667046,2870.001138,0,0,0,0
390.6814073,8594.990961,0,0,0,0
103.4037403,723.8261821,0,1,0,0
386.2094866,6951.770759,0,0,1,0
740.7283284,8148.011612,0,1,0,0
182.1225364,182.1225364,0,0,1,0
661.1293849,7933.552619,0,0,1,0
387.5115487,3487.603938,0,0,0,0
439.7439477,7035.903163,0,0,0,0
890.92967,2672.78901,0,0,0,0
495.4434824,11890.64358,0,0,1,0
412.3565517,824.7131034,0,0,0,0
705.5256721,3527.628361,0,0,0,0
370.9786167,1483.914467,0,0,0,0
190.2148683,3423.867629,0,0,1,0
901.5686162,18932.94094,0,0,0,0
774.4893897,13166.31962,0,0,1,0
825.8796778,17343.47323,0,0,0,0
300.6612525,3307.273778,0,0,0,0
934.6828083,1869.365617,0,0,0,0
956.7858535,20092.50292,0,0,0,0
851.6197176,5961.338023,0,0,0,0
459.0788916,1377.236675,0,0,0,0
786.5492573,2359.647772,0,0,0,0
920.7459531,24860.14073,0,0,0,0
177.2136591,3189.845864,0,1,0,0
407.1509492,5292.96234,0,0,0,0
258.8284607,1035.313843,0,0,1,0
726.5779279,10172.09099,0,0,0,0
155.6496242,311.2992484,0,0,0,0
210.497371,5683.429017,0,1,0,0
817.8080635,7360.272572,0,0,0,0
662.0194461,15888.46671,0,0,0,0
322.0162755,6762.341786,0,4,0,0
475.9745719,12851.31344,0,0,0,0
168.5196943,1179.63786,0,0,0,0
962.0606281,18279.15193,0,0,0,0
401.9180535,4823.016642,0,0,0,0
282.96976,6508.30448,0,0,1,0
509.8118914,6627.554588,0,5,0,0
657.3948509,3286.974255,0,0,0,0
933.4753589,13068.65502,0,0,0,0
198.3147013,3371.349922,0,0,0,0
77.025696,2310.77088,0,0,0,0
10.21136469,245.0727526,0,0,0,0
438.2273135,7449.86433,0,0,0,0
439.545309,4834.998399,0,0,0,0
40.35364972,282.475548,0,0,0,0
389.4738641,5452.634097,0,6,0,0
877.066705,14033.06728,0,0,0,0
300.9439545,902.8318635,0,0,0,0
241.404205,3138.254665,0,0,1,0
167.0897614,2172.166898,0,0,0,0
324.3670035,6811.707074,0,0,0,0
985.2185067,25615.68117,0,0,0,0
191.7893642,383.5787284,0,0,0,0
887.9850255,4439.925128,0,2,1,0
619.0701677,14857.68402,0,0,0,0
298.3661311,6265.688753,0,0,0,0
81.66936667,163.3387333,0,0,0,0
533.9241213,4271.39297,0,0,0,0
109.0725565,3054.031582,0,0,0,0
731.4175127,7314.175127,0,0,0,0
29.37352191,616.8439601,0,0,0,0
720.2686339,16566.17858,0,0,0,0
715.9887783,21479.66335,0,0,0,0
384.9386397,8468.650073,0,0,0,0
768.2706595,16901.95451,0,0,0,0
460.7182868,4146.464581,0,0,0,0
647.6847818,6476.847818,0,0,0,0
605.4524663,1816.357399,0,0,0,0
477.0129775,4293.116798,0,0,0,0
33.4016537,868.4429962,0,0,0,0
911.3271397,12758.57996,0,0,0,0
404.8256285,404.8256285,0,0,0,0
452.8647769,9510.160315,0,0,0,0
387.9325115,9310.380276,0,0,0,0
762.1851747,18292.44419,0,0,0,0
24.40863357,561.3985721,0,0,0,0
126.6019616,2785.243155,0,0,0,0
8.91508137,35.66032548,0,0,0,0
510.3990384,12759.97596,0,0,0,0
582.4317112,13978.36107,0,0,0,0
819.9480623,6559.584498,0,3,0,0
508.1450745,9146.611341,0,0,1,0
450.3109964,2701.865978,0,0,0,0
963.3598908,0,0,0,0,0
570.340382,14258.50955,0,0,1,0
134.1767471,939.2372297,0,4,0,0
690.7039436,17267.59859,0,2,1,0
760.5655424,10647.91759,0,0,0,0
314.5137924,7233.817225,0,0,0,0
401.2778934,802.5557868,0,0,0,0
246.9621732,6421.016503,0,0,0,0
483.8859859,12097.14965,0,0,0,0
748.5633725,19462.64769,0,0,0,0
878.3966006,14932.74221,0,0,0,0
334.221843,1002.665529,0,0,1,0
309.8809991,929.6429973,0,0,0,0
526.9477039,11592.84949,0,0,1,0
435.805547,1307.416641,0,0,0,0
245.006526,3675.09789,0,0,0,0
417.3180059,5425.134077,0,0,0,0
639.8214338,0,0,0,1,0
797.5308518,16748.14789,0,0,0,0
325.8761624,1955.256974,0,0,0,0
48.01592859,1008.3345,0,0,0,0
317.4425735,2539.540588,0,3,1,0
171.041443,4789.160404,0,0,1,0
740.3379784,8884.055741,0,0,0,0
876.3933141,8763.933141,0,0,0,0
745.1226468,16392.69823,0,0,0,0
187.5274502,0,0,0,0,0
590.9439685,12409.82334,0,0,0,0
884.3623409,11496.71043,0,0,0,0
188.8539915,1888.539915,0,0,0,0
540.2905216,3782.033651,0,0,0,0
64.06943858,320.3471929,0,0,0,0
855.9711784,10271.65414,0,0,0,0
547.8626486,2191.450594,0,0,0,0
979.7549985,10777.30498,0,0,0,0
218.4565873,2839.935635,0,0,0,0
983.3110218,9833.110218,0,0,0,0
367.8417769,9563.886199,0,0,0,0
179.0682214,2686.023321,0,0,0,0
310.1722535,4342.411549,0,0,0,0
364.0570276,3640.570276,0,0,1,0
152.807705,3056.1541,0,0,0,0
566.9738558,7370.660125,0,0,0,0
84.29339146,337.1735658,0,0,0,0
293.6910344,0,0,0,0,0
232.4384564,4648.769128,0,1,0,0
152.5607714,3051.215428,0,4,1,0
395.8771081,11084.55903,0,3,0,0
628.3448223,16336.96538,0,5,1,0
543.9168868,13597.92217,0,0,0,0
210.2635499,1471.844849,0,0,0,0
376.2691542,5644.037313,0,0,0,0
347.1303665,3471.303665,0,0,0,0
730.0435023,21171.26157,0,0,1,0
756.8345155,22705.03547,0,0,0,0
711.9217615,1423.843523,0,0,0,0
919.3019698,20224.64334,0,4,0,0
309.5230613,7738.076533,0,0,0,0
660.4656032,5944.190429,0,0,0,0
855.9052671,16262.20007,0,0,0,0
552.2423324,9388.119651,0,0,0,0
470.6560213,5177.216234,0,0,0,0
774.9352571,6974.417314,0,0,0,0
958.3417878,21083.51933,0,5,0,0
145.0681406,1450.681406,0,0,1,0
872.8715956,16584.56032,0,5,0,0
161.1276549,483.3829647,0,0,0,0
286.3703901,6586.518972,0,0,0,0
359.4183289,8266.621565,0,0,1,0
745.6065564,17894.55735,0,0,0,0
969.8049833,25214.92957,0,0,0,0
520.0143425,10920.30119,0,0,1,0
519.0624005,2595.312003,0,4,0,0
749.3928653,17236.0359,0,0,0,0
33.07029467,529.1247147,0,0,1,0
716.6125435,20781.76376,0,0,0,0
611.4435902,5502.992312,0,0,0,0
995.864063,23900.73751,0,0,0,0
268.330672,7781.589488,0,6,0,0
986.6820773,24667.05193,0,0,0,0
933.6851354,6535.795948,0,5,0,0
429.0653906,9010.373203,0,0,1,0
483.8797124,11129.23339,0,0,0,0
149.4235689,2091.929965,0,0,1,0
985.9119414,12816.85524,0,0,0,0
134.6739194,2828.152307,0,1,0,0
188.0212978,4136.468552,0,0,0,0
547.113415,4376.90732,0,0,1,0
942.2286334,26382.40174,0,0,0,0
629.8929033,1889.67871,0,1,0,0
350.306715,9808.58802,0,0,0,0
647.4650967,5179.720774,0,0,0,0
538.9205298,11856.25166,0,0,1,0
96.10989068,2594.967048,0,0,0,0
688.2581292,4129.548775,0,6,1,0
301.574206,2714.167854,0,0,0,0
183.9448111,2575.227355,0,0,0,0
701.6383407,17540.95852,0,6,1,0
881.9505681,26458.51704,0,0,1,0
144.6645058,3327.283633,0,0,0,0
969.4040226,18418.67643,0,0,1,0
34.22054326,34.22054326,0,0,0,0
434.1961586,2170.980793,0,0,0,0
622.3157229,1244.631446,0,0,0,0
796.9314329,19923.28582,0,0,0,0
499.2574042,11982.1777,0,0,1,0
805.3738068,12080.6071,0,0,0,0
213.4111762,3627.989995,0,0,0,0
358.4796441,9320.470747,0,0,0,0
653.969653,18311.15028,0,0,0,0
978.951662,24473.79155,0,0,0,0
737.1431081,8108.574189,0,0,0,0
297.0564251,8614.636328,0,0,0,0
912.6578109,15515.18279,0,0,0,0
110.940449,1442.225837,0,0,0,0
461.763134,4617.63134,0,0,0,0
385.9052813,385.9052813,0,0,0,0
549.3161888,3845.213322,0,0,0,0
122.0553965,0,0,5,0,0
109.6654671,328.9964013,0,0,0,0
802.9281973,2408.784592,0,0,0,0
325.9306139,651.8612278,0,0,0,0
767.1325576,10739.85581,0,5,0,0
940.031893,5640.191358,0,0,0,0
237.0793019,5215.744642,0,0,0,0
806.1270889,12898.03342,0,0,0,0
168.5114394,1516.602955,0,0,0,0
875.0401152,6125.280806,0,0,0,0
756.061854,14365.17523,0,0,0,0
985.6552258,17741.79406,0,1,0,0
488.1599959,11227.67991,0,0,1,0
781.8714353,1563.742871,0,6,0,0
296.7446384,2373.957107,0,0,0,0
695.67784,18783.30168,0,0,1,0
351.9644652,8095.1827,0,0,0,0
444.0255287,3996.229758,0,0,0,0
322.0990903,1932.594542,0,0,0,0
409.8432001,2049.216001,0,0,0,0
87.50271556,2187.567889,0,0,0,0
4.011526884,60.17290326,0,0,0,0
818.103642,6544.829136,0,0,0,0
646.0329752,3230.164876,0,0,0,0
735.219548,11028.29322,0,0,0,0
344.0153144,1720.076572,0,0,0,0
433.5656938,8237.748182,0,1,0,0
977.0358384,22471.82428,0,2,0,0
45.03203552,180.1281421,0,1,0,0
281.6372828,4506.196525,0,0,0,0
874.283964,4371.41982,0,0,0,0
478.9701158,957.9402316,0,0,0,0
724.3325122,3621.662561,0,1,0,0
958.6666552,12462.66652,0,0,0,0
790.3910681,14227.03923,0,0,0,0
844.997857,5069.987142,0,0,0,0
221.3330584,2213.330584,0,0,0,0
973.012854,5838.077124,0,3,0,0
954.4092788,22905.82269,0,0,1,0
764.9526742,14534.10081,0,6,0,0
99.96984092,2699.185705,0,0,0,0
504.9390565,5554.329622,0,0,0,0
420.5116269,5046.139523,0,0,0,0
911.5523619,9115.523619,0,0,0,0
586.6510445,13492.97402,0,0,0,0
543.1823039,8690.916862,0,0,0,0
506.2714745,11644.24391,0,0,0,0
840.0307287,19320.70676,0,0,0,0
373.6936638,1494.774655,0,0,0,0
417.7837762,11280.16196,0,0,0,0
505.4512501,10614.47625,0,0,0,0
334.3359,3343.359,0,0,0,0
827.6234756,9931.481707,0,0,1,0
185.626842,5197.551576,0,0,0,0
789.3985586,789.3985586,0,0,0,0
804.5421126,23331.72127,0,0,0,0
442.4765849,6637.148774,0,0,0,0
96.58750751,386.35003,0,0,0,0
133.9814527,3751.480676,0,4,0,0
587.7224468,8815.836702,0,0,0,0
24.95961652,274.5557817,0,0,0,0
727.117348,2908.469392,0,0,0,0
198.6374929,3376.837379,0,0,0,0
257.8205522,7476.796014,0,2,0,0
938.297574,9382.97574,0,0,0,0
171.5223809,3430.447618,0,0,0,0
379.5732066,5314.024892,0,1,0,0
639.708765,5117.67012,0,0,0,0
448.6290159,11664.35441,0,0,0,0
869.8064417,13916.90307,0,0,0,0
530.3809982,15381.04895,0,0,0,0
179.7804233,2157.36508,0,0,0,0
52.06640915,572.7305007,0,0,0,0
88.66715131,1152.672967,0,0,1,0
928.6229351,20429.70457,0,0,0,0
628.3983686,8169.178792,0,0,0,0
922.0400226,16596.72041,0,0,0,0
622.116085,5599.044765,0,0,0,0
640.0849893,1280.169979,0,0,0,0
908.222619,19072.675,0,0,0,0
165.0357826,2970.644087,0,0,0,0
208.1367529,4579.008564,0,0,0,0
863.7059511,16410.41307,0,0,0,0
549.8809436,8798.095098,0,0,0,0
586.2717095,7035.260514,0,0,1,0
990.0075826,3960.03033,0,0,0,0
33.52475777,469.3466088,0,0,0,0
794.5907717,17480.99698,0,0,1,0
884.7108414,12385.95178,0,0,0,0
25.50102467,459.0184441,0,0,0,0
745.0003618,10430.00507,0,1,0,0
380.4101122,8369.022468,0,0,0,0
480.212374,4321.911366,0,0,0,0
780.9283434,7028.355091,0,0,1,0
188.1503889,2822.255834,0,0,0,0
190.3155608,1712.840047,0,0,0,0
27.44078746,246.9670871,0,0,0,0
272.8161951,1636.897171,0,0,0,0
393.8873696,5908.310544,0,2,0,0
590.3090383,3541.85423,0,0,0,0
7.461096016,22.38328805,0,0,0,0
652.4239432,5871.815489,0,0,0,0
347.6144537,3476.144537,0,0,0,0
827.7880657,15727.97325,0,0,0,0
532.7364438,5327.364438,0,2,0,0
451.5430818,6321.603145,0,0,0,0
376.0442779,9401.106948,0,0,0,0
97.72484944,2345.396387,0,0,0,0
640.629547,17296.99777,0,0,0,0
686.5583643,18537.07584,0,0,0,0
750.9413048,0,0,0,0,0
990.6381759,29719.14528,0,0,0,0
291.5061578,7870.666261,0,0,0,0
610.8774492,3054.387246,0,0,0,0
804.322177,0,0,0,0,0
629.5727703,16368.89203,0,0,0,0
657.5685587,10521.09694,0,0,0,0
179.130084,4657.382184,0,0,0,0
586.1640029,5861.640029,0,0,0,0
72.05205764,1945.405556,0,0,0,0
680.6580096,10890.52815,0,0,0,0
59.10458415,295.5229208,0,0,0,0
693.6093538,9710.530953,0,0,0,0
895.3100423,0,0,1,1,0
111.3106138,2894.075959,0,0,1,0
615.2393219,0,0,0,0,0
856.121722,13697.94755,0,0,0,0
791.5050855,1583.010171,0,0,0,0
713.5067134,21405.2014,0,0,0,0
104.8136259,209.6272518,0,0,0,0
634.1684195,0,0,0,0,0
427.9066021,0,0,0,0,0
920.4157218,0,0,6,0,0
252.5164329,5050.328658,0,0,1,0
695.3911956,1390.782391,0,0,0,0
1000,25000,1,0,1,0
500,11000,1,0,0,0
800,0,1,0,0,0
800,20800,1,0,0,0
1500,12000,1,0,1,0
1500,36000,1,0,1,0
